<?xml version="1.0" encoding="UTF-8" standalone="yes"?>
<addon id="script.playlists" name="Playlists Script" version="3.0.0" provider-name="ronie">
	<requires>
		<import addon="xbmc.python" version="2.12.0"/>
	</requires>
	<extension point="xbmc.python.library" library="default.py"/>
	<extension point="xbmc.addon.metadata">	
		<language></language>
		<summary lang="en">Playlist script</summary>
		<description lang="en">Creates a list of available Video or Music playlists</description>
		<platform>all</platform>
		<forum>http://forum.xbmc.org/showthread.php?tid=112739</forum>
		<source>https://github.com/ronie/script.playlists</source>
		<license>GNU GENERAL PUBLIC LICENSE Version 2</license>
		<website></website>
		<email></email>
	</extension>
</addon>
