<?xml version="1.0" encoding="UTF-8"?>
<overrides>
	<flatgroupings>
		<node label="32029">
			<content>common</content>
		</node>
		<node label="32030">
			<content>video</content>
			<content>movie-flat</content>
			<content>tvshow-flat</content>
			<content>musicvideo-flat</content>
			<content>customvideonode-flat</content>
		</node>
		<node label="32031">
			<content>music</content>
		</node>
		<node label="32017" condition="System.GetBool(pvrmanager.enabled)" version="13">
			<content>pvr</content>
			<content>pvr-tv</content>
			<content>pvr-radio</content>
		</node>
		<node label="32017" condition="PVR.HasTVChannels" version="14">
			<content>pvr</content>
			<content>pvr-tv</content>
		</node>
		<node label="32087" condition="PVR.HasRadioChannels" version="14">
			<content>radio</content>
			<content>pvr-radio</content>
		</node>
		<node label="32074">
			<content>videosources</content>
			<content>upnp-video</content>
			<content>musicsources</content>
			<content>upnp-music</content>
			<content>picturesources</content>
		</node>
		<node label="32040">
			<content>playlist-video</content>
			<content>playlist-audio</content>
		</node>
		<node label="32007">
			<shortcut label="1037" type="32014" thumb="DefaultAddonVideo.png">ActivateWindow(Videos,Addons,return)</shortcut>
			<shortcut label="1038" type="32019" thumb="DefaultAddonMusic.png">ActivateWindow(MusicLibrary,Addons,return)</shortcut>
			<shortcut label="1039" type="32020" thumb="DefaultAddonPicture.png">ActivateWindow(Pictures,Addons,return)</shortcut>
			<shortcut label="10001" type="32021" thumb="DefaultAddonProgram.png">ActivateWindow(Programs,Addons,return)</shortcut>
			<content>addon-program</content>
			<content>addon-video</content>
			<content>addon-audio</content>
			<content>addon-image</content>
		</node>
		<node label="32006">
			<content>favourite</content>
		</node>
		<node label="32054">
			<content>commands</content>
		</node>
	</flatgroupings>
	
	<groupings>
		<node label="32029">
			<content>common</content>
		</node>
		<node label="32030">
			<content>video</content>
			<content>customvideonode</content>
			<content>movie</content>
			<content>tvshow</content>
			<content>musicvideo</content>
			<node label="32040">
				<content>playlist-video</content>
			</node>
			<node label="32010">
				<shortcut label="1037" type="32014" icon="DefaultAddonVideo.png">ActivateWindow(Videos,Addons,return)</shortcut>
				<content>addon-video</content>
			</node>
			<node label="32075">
				<content>videosources</content>
				<content>upnp-video</content>
			</node>
		</node>
		<node label="32031">
			<content>music</content>
			<node label="32040">
				<content>playlist-audio</content>
			</node>
			<node label="32011">
				<shortcut label="1038" type="32019" icon="DefaultAddonMusic.png">ActivateWindow(MusicLibrary,Addons,return)</shortcut>
				<content>addon-audio</content>
			</node>
			<node label="32075">
				<content>musicsources</content>
				<content>upnp-music</content>
			</node>
		</node>
		<node label="32017" condition="System.GetBool(pvrmanager.enabled)" version="13">
			<content>pvr</content>
			<node label="19023">
				<content>pvr-tv</content>
			</node>
			<node label="19024">
				<content>pvr-radio</content>
			</node>
		</node>
		<node label="32017" condition="PVR.HasTVChannels" version="14">
			<content>pvr</content>
			<node label="19023">
				<content>pvr-tv</content>
			</node>
		</node>
		<node label="32087" condition="PVR.HasRadioChannels" version="14">
			<content>radio</content>
			<node label="19024">
				<content>pvr-radio</content>
			</node>
		</node>
		<node label="32020">
			<content>picturesources</content>
		</node>
		<node label="32007">
			<node label="32009">
				<shortcut label="10001" type="32021" icon="DefaultAddonProgram.png">ActivateWindow(Programs,Addons,return)</shortcut>
				<content>addon-program</content>
			</node>
			<node label="32010">
				<shortcut label="1037" type="32014" icon="DefaultAddonVideo.png">ActivateWindow(Videos,Addons,return)</shortcut>
				<content>addon-video</content>
			</node>
			<node label="32011">
				<shortcut label="1038" type="32019" icon="DefaultAddonMusic.png">ActivateWindow(MusicLibrary,Addons,return)</shortcut>
				<content>addon-audio</content>
			</node>
			<node label="32012">
				<shortcut label="1039" type="32020" icon="DefaultAddonPicture.png">ActivateWindow(Pictures,Addons,return)</shortcut>
				<content>addon-image</content>
			</node>
		</node>
		<node label="32006">
			<content>favourite</content>
		</node>
		<node label="10004">
			<content>settings</content>
		</node>
		<node label="32054">
			<content>commands</content>
		</node>
	</groupings>
</overrides>